doc_id,assignee,year,legal_status,hybrid,wear_hits,title,wear_snippet
WO2018051763A1,YOKOHAMA RUBBER CO LTD,2016,DEAD,1,23,PNEUMATIC TIRE,"Provided is a pneumatic tire in which it is possible to effectively suppress uneven wear in the shoulder region and center region of a tread part, while reducing rolling resistance."
CN120156143A,"SHANDONG FENGYUAN TIRE MFG CO LTD (ZAOZHUANG CITY, CN)",2025,ALIVE,1,10,"Reinforcing layer cord fabric, three-proofing tire with angle reinforcement and preparation method",
US7712498B2,SUMITOMO RUBBER IND LTD,2005,DEAD,1,9,Run flat tire,"These tires, designed to support load during punctures, suffer from reduced handling stability and abrasion resistance due to the distortion of the tread profile."
WO2004041554A1,FUJI SEIKO CO LTD,2002,DEAD,1,8,RADIAL TIRE WITH CIRCUMFERENTIAL SPIRALLY WOUND BELT LAYER,
JP2001163005A,BRIDGESTONE CORP,1999,DEAD,1,8,RADIAL TIRE,"The spiral-wound structure of the fiber cord enhances circumferential rigidity and vibration suppression, leading to improved tire contact properties and wear resistance."
WO2003086783A1,MICHELIN RESEARCH & TECHNOLOGY CO LTD,2002,DEAD,1,7,PNEUMATIC TIRE CROWN REINFORCEMENT,"The invention aims to resolve these issues by introducing a novel crown reinforcement system that prevents the GCA from being too short at high speeds, while maintaining a rectangular or slightly oval ground contact area shape for better low-speed dry handling and wear performance."
WO2018230265A1,BRIDGESTONE CORP,2017,DEAD,1,6,TIRE,"The present invention addresses the problem of suppressing the occurrence, in a tire having a spiral cord layer formed by winding a reinforcement cord in a spiral shape, of uneven wear due to the spiral cord layer."
EP0749854A1,BRIDGESTONE CORP,1995,DEAD,1,6,Radial tire,"Conventional tires often suffer from wear resistance degradation, handling instability, and road noise that is not effectively minimized by softening the tread rubber or increasing belt tension."
US9156316B2,MICHELIN & CIE,2008,DEAD,1,6,Vehicle tire with interrupted carcass and comprising a layer of circumferential reinforcement elements,"It enhances wear resistance and grip by optimizing the distribution of circumferential reinforcement elements with variable pitch, which improves stability and durability."
WO2007131581A1,CONTINENTAL AG,2006,DEAD,1,6,PNEUMATIC VEHICLE TYRE WITH BELT BANDAGE,"ADVANTAGES
The invention provides a tire with improved aquaplaning properties in lower-speed ranges, a flat contour in the middle-speed range for low abrasion, and a high-speed performance with a circular contour for durability."
CN114103555A,SUMITOMO RUBBER IND LTD,2020,ALIVE,1,5,Tire,
US20040108037A1,BOOZER MATTHEW,2002,DEAD,1,5,Pneumatic tire crown reinforcement,"The use of high modulus at high stress cords in the second reinforcement plies allows the tire to flatten the transverse curvature at low and moderate speeds, improving wear performance."
WO2006035940A1,BRIDGESTONE CORP,2004,DEAD,1,4,PNEUMATIC RADIAL TIRE,
JPH06270606A,SUMITOMO RUBBER IND LTD,1993,DEAD,1,4,PNEUMATIC TYRE,"The dampers are positioned to cover antinodes, enhancing noise reduction without compromising tire stability or wear resistance."
US8925606B2,MICHELIN & CIE,2008,DEAD,1,4,Vehicle tire comprising a tread composed of a plurality of compounds and a layer of circumferential reinforcement elements of variable pitch,"PROBLEM BEING SOLVED
Current motorcycle tires use conventional carcass plies and bead wires to reinforce the tire structure, leading to inefficiencies in wear resistance and grip properties."
DE102016223304B4,CONTINENTAL REIFEN DEUTSCHLAND GMBH,2016,ALIVE,1,4,2Vehicle pneumatic tyres,"The belt bandage is applied in a single layer, with the side sections arranged to provide a more uniform abrasion and improved rolling resistance compared to the center section."
EP2048005B1,CONTINENTAL REIFEN DEUTSCHLAND,2007,ALIVE,1,4,Pneumatic tire for vehicles,
US6460585B1,MICHELIN RESEARCH & TECHNOLOGY CO LTD,1998,DEAD,1,3,Tire with tread compound contacting belt cords,This approach results in poor performance in terms of handling and wear resistance while increasing fuel consumption.
EP0990539A2,MICHELIN RESEARCH & TECHNOLOGY CO LTD,1998,DEAD,1,3,Tire with tread compound applied directly on the radially outermost reinforcement layer of belt reinforcement textile cords,"The decoupling compound interfaces between the tread and carcass, ensuring that the tread is flexible and the carcass is rigid, while maintaining the desired handling characteristics and wear resistance."
EP1127718A2,THE GOODYEAR TIRE & RUBBER CO,2000,DEAD,1,3,Runflat tire with dual-modulus underlay,
WO2016190152A1,BRIDGESTONE CORP,2015,DEAD,1,3,"REINFORCEMENT MEMBER FOR TIRES, AND TIRE USING SAME",
JP2020200032A,THE GOODYEAR TIRE & RUBBER CO,2019,ALIVE,1,3,RADIAL TIRE,"This expansion leads to deviated wear, where the shoulder portion of the tread wears faster than the central portion, shortening the tire's lifespan."
CN109070639A,YOKOHAMA RUBBER CO LTD,2016,ALIVE,1,3,Pneumatic tire,"The integrated structure allows for a gentle angle change between the tread region and the side region, improving durability and wear resistance."
US3763913A,FIRESTONE TIRE & RUBBER COMPANY,1972,DEAD,1,3,TIRE HAVING KNIT BELT,"The tire's circumferential and lateral stability is improved, leading to better wear resistance and handling characteristics."
CA2290472A1,THE GOODYEAR TIRE & RUBBER CO,1997,DEAD,1,3,TIRE WITH IMPROVED REMOVABLE TIRE TREAD BELT,"Also, the improved track belt will maintain a flatter tread profile which in turn will improve tread life and durability."
AU5671473A,FIRESTONE TIRE & RUBBER COMPANY,1973,DEAD,1,3,TIRE TIRE,"The invention aims to provide a tire structure that eliminates tread separations, reduces the number of cut ends, and ensures uniform wear and lateral rigidity without the need for calendering, cutting, or assembly equipment."
WO2018100960A1,BRIDGESTONE CORP,2016,DEAD,1,2,"RUBBER–CORD COMPOSITE, REINFORCING MEMBER FOR TIRES, AND TIRE USING SAME",
WO2018100961A1,BRIDGESTONE CORP,2016,DEAD,1,2,"RUBBER–CORD COMPOSITE, REINFORCING MEMBER FOR TIRES, AND TIRE USING SAME",
WO2015178366A1,YOKOHAMA RUBBER CO LTD,2014,DEAD,1,2,PNEUMATIC TIRE,
CN118958019A,"SHANDONG HUASHENG RUBBER CO LTD (DONGYING CITY, CN)",2024,ALIVE,1,2,Processing method of cord thread for reinforcing layer of semi-steel radial tire and tire for new energy automobile,"The prior art methods often result in high loss, increased heat generation, and short tire life due to the need for additional adhesives and poor performance in high-speed environments."
WO2017188408A1,BRIDGESTONE CORP,2016,DEAD,1,2,RUN FLAT RADIAL TIRE,
KR20020040929A,KUMHO IND CO LTD,2000,DEAD,1,2,- Tire Caply Cord for Tire Polyethylenenaphthalate-nylon Hybrid,"This results in a composite fiber that enhances the adhesion between the rubber and the tire cap ply, improving tire life and stability."
EP2871069B1,CONTINENTAL REIFEN DEUTSCHLAND GMBH,2013,ALIVE,1,2,Pneumatic tyres for a vehicle,
DE102013105163A1,CONTINENTAL REIFEN DEUTSCHLAND,2013,DEAD,1,2,Pneumatic vehicle tires and use of a yarn of a textile material,"These plies, though providing durability and abrasion resistance, also lead to significant heat buildup during operation, especially at high speeds, which reduces tire efficiency and comfort."
WO2015163325A1,SUMITOMO RUBBER IND LTD,2014,DEAD,1,1,"PNEUMATIC TIRE, AND PNEUMATIC TIRE PRODUCTION METHOD",
JP2013220755A,BRIDGESTONE CORP,2012,DEAD,1,1,PNEUMATIC RADIAL TIRE AND METHOD OF MANUFACTURING THE SAME,
KR20070012264A,THE GOODYEAR TIRE & RUBBER CO,2005,ALIVE,1,1,MONOPLY PNEUMATIC RUN-FLAT TIRE,
EP2380754A2,THE GOODYEAR TIRE & RUBBER CO,2010,DEAD,1,1,Hybrid cord in a belt ply for a pneumatic tire,
EP2380755A2,THE GOODYEAR TIRE & RUBBER CO,2010,ALIVE,1,1,Overlay ply covering the belt ply for a pneumatic tire,
US20160288573A1,THE GOODYEAR TIRE & RUBBER CO,2015,DEAD,1,1,CONTINUOUS CROWN REINFORCEMENT FOR A PNEUMATIC TIRE,
US20160288574A1,THE GOODYEAR TIRE & RUBBER CO,2015,DEAD,1,1,CROWN REINFORCEMENT FOR A PNEUMATIC TIRE,
JP2017186002A,BRIDGESTONE CORP,2016,ALIVE,1,1,PNEUMATIC TIRE,
KR20110050216A,KUMHO TIRE CO INC,2009,DEAD,1,1,"CAPPLY CORD, AND PNUMERIC TIRE WITH THE SAME",
KR20170085878A,HYOSUNG CORP,2016,DEAD,1,1,A Hybird Dipped cord and Radial tire Using the Same,"The method ensures uniform filament properties and high-quality production, leading to better performance and longer tire life."
JP2013001390A,THE GOODYEAR TIRE & RUBBER CO,2011,ALIVE,1,1,RADIAL TIRE FOR AIRCRAFT,
WO2017048208A1,KORDSA GLOBAL ENDUSTRIYEL IPLIK VE KORD BEZI SANAYI VE TICARET AS,2015,DEAD,1,1,A PLIED TWISTED CAP PLY REINFORCEMENT HYBRID YARN,
CN109070640A,YOKOHAMA RUBBER CO LTD,2016,ALIVE,1,1,PNEUMATIC TIRE,
GB776728A,US RUBBER CO,1954,DEAD,1,1,Improvements in method of making pneumatic tyres,
JP2020185987A,THE GOODYEAR TIRE & RUBBER CO,2019,DEAD,1,1,RADIAL TIRE,
WO2014091429A1,PIRELLI SPA,2012,DEAD,1,1,TYRE FOR VEHICLE WHEELS,
EP3912833A1,"CONTINENTAL REIFEN DEUTSCHLAND GMBH (30165 HANNOVER, DE)",2020,ALIVE,1,1,PNEUMATIC TYRE,
WO2005002884A1,PIRELLI SPA,2003,DEAD,1,1,TYRE WITH IMPROVED BELT STRUCTURE,
DE102010000013A1,CONTINENTAL REIFEN DEUTSCHLAND GMBH,2010,DEAD,1,1,Vehicle tires,
EP4335661A1,SUMITOMO RUBBER IND LTD,2022,ALIVE,1,1,TIRE,"The reinforced belt layer ensures structural integrity and reduces the likelihood of breakage, extending tire life."
US20100096060A1,SUZUKI TAKAYUKI,2008,ALIVE,0,41,PNEUMATIC TIRE,"ADVANTAGES
The invention provides significant improvements in uneven wear resistance by optimizing the positioning of circumferential main grooves and narrow grooves relative to belt plies."
WO2014132667A1,BRIDGESTONE CORP,2013,DEAD,0,37,PNEUMATIC TIRE,"The inclined belt layer, positioned in the center portion, minimizes the number of layers in the center region, enhancing wear resistance and structural integrity."
JP2009166819A,BRIDGESTONE CORP,2007,DEAD,0,35,PNEUMATIC TIRE,&lt;P&gt;PROBLEM TO BE SOLVED: To provide details of a tire shape for providing a tire excellent in abrasion resistance performance and reduced in rolling resistance.
JP2015137057A,BRIDGESTONE CORP,2014,DEAD,0,30,TIRE FOR TWO-WHEELED MOTOR VEHICLE,
JP5041104B1,YOKOHAMA RUBBER CO LTD,2011,ALIVE,0,30,Pneumatic tire,"PROBLEM BEING SOLVED
The invention addresses the issue of uneven wear in pneumatic tires, particularly in the tread portion where the circumferential reinforcing layer is positioned."
EP3862195A1,SUMITOMO RUBBER IND LTD,2020,ALIVE,0,27,TYRE,"ADVANTAGES
The invention provides a pneumatic tyre that significantly improves wear resistance by reducing deformation of the tread profile near circumferential grooves."
JP2026053895A,SUMITOMO ELECTRIC IND LTD,2024,ALIVE,0,26,Heavy-duty tires,[Problem] To provide a heavy-duty tire 2 that can suppress the accumulation of static electricity while maintaining resistance to uneven wear.
JP4918948B1,YOKOHAMA RUBBER CO LTD,2011,ALIVE,0,26,Pneumatic tire,The invention aims to improve the wear resistance of these areas by introducing a circumferential enhancement layer that enhances the tire's resistance to eccentric wear.
WO2016204930A1,BRIDGESTONE AMERICAS TIRE OPERATIONS LLC,2015,DEAD,0,25,TIRE HAVING A CONDUCTIVE INSERT,"The tire of claim 3, wherein the first bead region further includes a first abrasion, wherein the second bead region includes a second abrasion, and wherein the bottom end of the gum strip is disposed axially between the at least one body ply and the first abrasion."
JP5024485B1,YOKOHAMA RUBBER CO LTD,2011,ALIVE,0,21,Pneumatic tire,"PROBLEM BEING SOLVED
The invention addresses the issue of uneven wear resistance in pneumatic tires, particularly in regions like the land portions above the circumferential reinforcing layer."
US20150059941A1,YOKOHAMA RUBBER CO LTD,2013,DEAD,0,20,Pneumatic Tire,"ADVANTAGES
The invention provides enhanced road holding performance, improved wear resistance, and better steering stability on unpaved roads."
WO2013065322A1,BRIDGESTONE CORP,2011,DEAD,0,20,PNEUMATIC RADIAL TIRE FOR PASSENGER CAR,
US11383557B2,SUMITOMO RUBBER IND LTD,2017,ALIVE,0,20,Tire for two-wheeled automotive vehicle,"ADVANTAGES
The invention provides significant advantages over prior tire designs by enhancing grip performance during cornering while preventing abrasion."
WO2009154282A1,BRIDGESTONE CORP,2008,DEAD,0,19,PNEUMATIC TIRE,"The invention addresses these issues by introducing a novel belt layer configuration that enhances both abrasion resistance and separation control, ensuring the tread portion remains intact and functional under dynamic loading conditions."
TW202146260A,SUMITOMO RUBBER IND LTD,2020,ALIVE,0,19,Tire for kart,The tire's construction method ensures that the reinforcing layers are positioned to enhance wear resistance without compromising the tire's overall performance.
JP4973810B1,YOKOHAMA RUBBER CO LTD,2011,ALIVE,0,18,Pneumatic tire,"The problem arises when the circumferential enhancement layer is not properly arranged, leading to poor wear resistance and reduced tire longevity."
JP4984013B1,YOKOHAMA RUBBER CO LTD,2011,ALIVE,0,18,Pneumatic tire,
WO2014024499A1,BRIDGESTONE CORP,2012,DEAD,0,18,PNEUMATIC TIRE FOR AUTOMATIC TWO-WHEELED VEHICLE,
WO2014136523A1,SUMITOMO RUBBER IND LTD,2013,DEAD,0,18,PNEUMATIC TIRE,"ADVANTAGES
The invention provides a pneumatic tire with significantly improved wear resistance and crack resistance in grooves."
JP5182455B1,YOKOHAMA RUBBER CO LTD,2012,ALIVE,0,17,Pneumatic tire,"The specific ratios between tread width, carcass width, and circumferential reinforcement layer dimensions ensure optimal performance, reducing slippage and uneven wear in the shoulder regions."
JPH1120405A,SUMITOMO RUBBER IND LTD,1997,DEAD,0,16,PNEUMATIC TIRE,"The corrugated band layer ensures uniform contact surface shape even under varying loads, improving steering stability and wear resistance."
JP7707751B2,SUMITOMO ELECTRIC IND LTD,2021,ALIVE,0,15,tire,"ADVANTAGES
The invention provides a tire that significantly reduces rolling resistance while maintaining wear resistance during extreme driving conditions."
FR3160129A1,MICHELIN & CIE,2024,ALIVE,0,15,Optimized tread and crown of civil engineering tire,"The crown filler rubbers are positioned between the working layers and the carcass reinforcement, with their thicknesses adjusted to balance wear resistance and thermal stability."
CN116409090A,"ANHUI GITI RADIAL TIRE CO LTD (HEFEI CITY, CN)",2023,ALIVE,0,15,Pneumatic tire,"Additionally, the current design lacks uniformity in durability and abrasion performance, making it difficult to adapt to various road conditions."
JP2009006983A,YOKOHAMA RUBBER CO LTD,2006,ALIVE,0,15,PNEUMATIC TIRE,"ADVANTAGES
The invention provides a tire design that ensures uniform wear distribution, enhancing stability and performance under varying load conditions."
WO2014065298A1,BRIDGESTONE CORP,2012,DEAD,0,14,PNEUMATIC TIRE,"The larger belt layer width ensures better wear resistance and durability, while the reinforcing layer's spiral winding provides additional strength and resilience."
CN109532339B,"ANHUI GITI RADIAL TIRE CO LTD (HEFEI CITY, CN)",2018,ALIVE,0,14,Pneumatic tire capable of inhibiting abnormal abrasion and resisting groove cracking,
US20120234451A1,TOYO TIRE & RUBBER CO LTD,2011,DEAD,0,14,PNEUMATIC TIRE,"It effectively suppresses outer diameter growth in the tread shoulder area, preventing uneven wear and delamination of the belt edge."
CN109109574A,"ZHONGCE RUBBER GROUP CO LTD (HANGZHOU CITY, CN)",2018,ALIVE,0,13,Load-bearing inflatable radial tire,
WO2020072245A1,BRIDGESTONE AMERICAS TIRE OPERATIONS LLC,2018,DEAD,0,13,TIRE HAVING A CONDUCTIVE PATH IN A SIDEWALL,"The use of specific resistivity values in the abrasions, body plies, and undertreads ensures optimal charge dissipation without compromising tire integrity."
WO2010067699A1,SUMITOMO RUBBER IND LTD,2008,DEAD,0,13,PNEUMATIC TIRE AND METHOD OF MANUFACTURING SAME,"ADVANTAGES
The invention provides significant advantages over prior art by improving noise reduction and wear resistance in air inflation tires."
JPH05286309A,BRIDGESTONE CORP,1992,DEAD,0,13,AUDIO TRANSMITTING SYSTEM,"The use of steel cords in the belt layer provides sufficient rigidity and wear resistance, while the belt auxiliary layer ensures optimal contact and reinforcement."
CN117621714A,SUMITOMO RUBBER IND LTD,2022,ALIVE,0,13,Tire,"The tread surface includes a cap portion and a base portion, with the cap portion made of crosslinked rubber for wear resistance and grip performance, and the base portion made of crosslinked rubber with low heat build-up."
JPH10236108A,TOYO TIRE & RUBBER CO LTD,1997,DEAD,0,12,PNEUMATIC TIRE,"According to this construction, a characteristic including steering stability, wear resistance and durability is improved."
CN118219710A,"ZHAOQING JUNHONG CO LTD (ZHAOQING CITY, CN)",2024,DEAD,0,12,Run-flat tire capable of preventing abnormal sound,"METHOD USED
The run flat tire comprises a tire carcass layer, a tire core, a reinforced steel wire layer, an anti-abrasion rubber layer, an upper endpoint, a lower joint surface endpoint, and an inner endpoint."
CN106739829A,"QINGDAO UNIV OF SCIENCE & TECHNOLOGY (QINGDAO CITY, CN)",2017,ALIVE,0,12,Radial tire with four belted layers,"The prior art often used single or triple layer belt structures that either failed to balance radial and transverse compression forces or caused uneven pressure distribution, leading to reduced tire life and safety."
WO2016204967A1,BRIDGESTONE AMERICAS TIRE OPERATIONS LLC,2015,DEAD,0,12,TIRE HAVING A CONDUCTIVITY PATH,"A tire comprising:    a first annular bead and first abrasion area, wherein the first abrasion area has a resistivity of at least 5.9 x 107ohms;"
WO2022178474A1,BRIDGESTONE AMERICAS TIRE OPERATIONS LLC,2021,DEAD,0,12,TIRE WITH MULTIPLE STEEL BELTS AND A REINFORCEMENT LAYER,"The reinforcement layers are pre-tensioned, ensuring even distribution of energy and preventing irregular wear."
WO2020059673A1,SUMITOMO RUBBER IND LTD,2018,DEAD,0,12,PNEUMATIC TIRE,
WO2012105269A1,BRIDGESTONE CORP,2011,DEAD,0,12,PNEUMATIC TIRE FOR MOTORCYCLE,"Traditional motorcycle tires often suffer from uneven wear due to uniform slip components in the circumferential direction of the tread rubber, which can lead to non-uniform contact areas and reduced grip force."
WO2015015701A1,BRIDGESTONE CORP,2013,DEAD,0,12,TIRE FOR TWO-WHEELED MOTOR VEHICLE,"Provided is a tire for a two-wheeled motor vehicle, the tire being configured so that driving stability performance can be improved and so that the uneven wear of the tread can be reduced."
JP2012046032A,BRIDGESTONE CORP,2010,DEAD,0,11,TIRE,"The polyurethane-based thermoplastic elastomer ensures high wear resistance and puncture resistance, while the reinforcing cord layer formed from thermoplastic resin maintains structural rigidity and adhesion."
WO2014103069A1,YOKOHAMA RUBBER CO LTD,2012,DEAD,0,11,PNEUMATIC TIRE,
CN106457914A,"CONTINENTAL REIFEN DEUTSCHLAND GMBH (HANNOVER, DE)",2014,ALIVE,0,11,Vehicle pneumatic tyre,"Additionally, conventional belts have limited circumferential stiffness, which can cause uneven wear and reduce tire performance."
JPH09240214A,YOKOHAMA RUBBER CO LTD,1996,DEAD,0,10,PNEUMATIC RADIAL TIRE,"Additionally, conventional methods often result in uneven wear and shear deformation, which reduce tire durability."
WO2014103062A1,YOKOHAMA RUBBER CO LTD,2012,DEAD,0,10,PNEUMATIC TIRE,
WO2021024951A1,YOKOHAMA RUBBER CO LTD,2019,DEAD,0,9,PNEUMATIC TIRE,
EP0412775A2,SUMITOMO RUBBER IND LTD,1989,DEAD,0,9,Pneumatic tyre.,
WO2006137536A1,YOKOHAMA RUBBER CO LTD,2005,DEAD,0,9,FLAT PNEUMATIC RADIAL TIRE FOR HEAVY LOAD AND METHOD OF MANUFACTURING THE SAME,
CN106515314A,HANGZHOU CHAOYANG RUBBER CO LTD,2016,DEAD,0,9,Ultralow-section wide tyre wound through four-layer small-angle combination steel cord belt bundle,"It improves ground contact uniformity, enhances tire durability and wear resistance, increases mileage, and improves fuel efficiency."
GB720149A,DUNLOP RUBBER CO LTD,1952,DEAD,0,9,Improvements in or relating to pneumatic tyres,"It has been established, heretofore, that a considerable proportion of tread wear is caused by circumferential compression of the tread rubber and by the movement which takes place within the tread rubber during flexing of the tyre under running conditions."
EP1022162A1,THE GOODYEAR TIRE & RUBBER CO,1999,DEAD,0,9,Tire with improved run-flat design,"ADVANTAGES
The invention provides a radial ply pneumatic tire that significantly improves run flat mileage while minimizing weight penalties."
CN109153288A,BRIDGESTONE CO LTD,2016,DEAD,0,9,Tire,"The invention aims to resolve these issues by ensuring balanced stiffness and flexibility in the belt layer and reinforcement layers, thereby enhancing overall durability, speed performance, and wear resistance."
US4867219A,WYKOFF CLYDE R,1984,DEAD,0,9,"Pneumatic tire and tire carcass having ""directional"" or ""rotary strength imbalanced"" high rigidity confluent belt ply assemblies and ""directional tire operatioal characteristics""","ADVANTAGES
The invention provides significant advantages over prior tire designs by reducing impact shocks on suspension systems, minimizing tread wear, and improving tire durability."
US3115921A,DUPONT CO,1960,DEAD,0,9,Tire construction,
CN116867653A,YOKOHAMA RUBBER CO LTD,2021,ALIVE,0,9,Tire,"ADVANTAGES
The invention provides a tire that effectively balances low rolling resistance and high wear resistance, making it suitable for high-load and high-pressure environments."
JPH0613241B2,SUMITOMO RUBBER IND LTD,1983,DEAD,0,9,Radial tires for motorcycles,"PURPOSE:To improve lateral rigidity of the captioned tire while keeping wear resistance, road keeping property, and a highspeed running property by properly selecting structures, arrangements and materials of a carcass reinforcement layer and a braker, in a radial structure of a motorcycle tire."
JPH0325003A,TOYO TIRE & RUBBER CO LTD,1989,DEAD,0,9,LOW PROFILE TIRE,"The reinforcing layer's circumferential tensile rigidity at the side edges is higher than at the center, preventing uneven wear."
GB2041843A,BRIDGESTONE TIRE CO LTD,1979,DEAD,0,9,Pneumatic radial tire,"ADVANTAGES
The invention provides a pneumatic radial tire with enhanced high-speed durability, wear resistance, and cornering performance due to the use of polyethylene terephthalate low polymer cords."
US20140373989A1,SUMITOMO RUBBER IND LTD,2013,DEAD,0,9,TIRE,"ADVANTAGES
The invention provides a tire with enhanced abrasion resistance and appearance, while maintaining improved fuel economy."
WO2007023902A1,BRIDGESTONE CORP,2005,DEAD,0,8,PNEUMATIC TIRE FOR BICYCLE,A pneumatic tire for bicycle in which partial abrasion is suppressed by making the slip component of a tread rubber in the circumferential direction of tire as uniform as possible in the ground contacting plane.
WO2012026588A1,BRIDGESTONE CORP,2010,DEAD,0,8,PNEUMATIC TIRE FOR TWO-WHEELED VEHICLE,"The present invention provides a pneumatic tire for a two-wheeled vehicle having improved grip when cornering, without producing deficiencies such as premature wear and uneven wear."
JPH09193609A,YOKOHAMA RUBBER CO LTD,1996,DEAD,0,8,PNEUMATIC RADIAL TIRE,"This deformation is exacerbated during inflation, causing the belt layer to swell outward, which reduces edge separation resistance and increases wear resistance."
EP0488734A1,BRIDGESTONE CORP,1990,DEAD,0,8,Pneumatic radial tires for passenger cars.,"It ensures uniform ground contact pressure, enhancing steering stability and reducing wear resistance."
WO2016070030A1,MICHELIN & CIE,2014,DEAD,0,8,TIRE WITH FOAMED BELT OVERLAYER,"ADVANTAGES
The invention provides significant advantages over prior tire designs by introducing a foamed belt overlayer that enhances wear resistance through decoupling forces during sliding zones."
GB2171067A,BRIDGESTONE CORP,1985,DEAD,0,8,Heavy duty pneumatic tire,"The design also minimizes uneven wear and separation at the edge of the belt layers, extending tire life and reducing maintenance needs."
FR3102096A1,MICHELIN & CIE,2019,ALIVE,0,8,TOP REINFORCEMENT FOR METROPOLITAN TYPE TIRE,"The reinforcing elements are positioned to maintain the integrity of the crown reinforcement, preventing separation risks and ensuring satisfactory wear performance."
GB879367A,DUNLOP RUBBER CO LTD,1957,DEAD,0,8,Improvements in pneumatic tyres,
DE1965075A1,THE GOODYEAR TIRE & RUBBER CO,1968,DEAD,0,8,tire,
DE102018213780A1,CONTINENTAL REIFEN DEUTSCHLAND GMBH,2018,DEAD,0,8,Vehicle tires,This configuration ensures optimal balance between abrasion performance and high-speed performance.
WO2004014668A1,BRIDGESTONE CORP,2002,DEAD,0,7,PNEUMATIC TIRE FOR TWO-WHEELED MOTOR VEHICLE,
US20200031165A1,SUMITOMO RUBBER IND LTD,2018,DEAD,0,7,STUDLESS TYRE,
CN115352222A,"SHANDONG LINGLONG TYRE CO LTD (YANTAI CITY, CN)",2022,DEAD,0,7,All-steel radial tire with novel belted layer structure,
WO2014010348A1,YOKOHAMA RUBBER CO LTD,2012,DEAD,0,7,PNEUMATIC TIRE,
DE2332720A1,BRIDGESTONE TIRE CO LTD,1972,DEAD,0,7,TIRES IN RADIAL CONSTRUCTION,"The resulting radial tire exhibits excellent cornering performance, high speed performance and tread wear resistance."
FR2953762A1,MICHELIN RESEARCH & TECHNOLOGY CO LTD,2009,DEAD,0,7,PNEUMATIC TIRE HAVING A RIGIDIFICATION FRAME.,"PROBLEM BEING SOLVED
The invention addresses the issue of uneven wear and degradation in tires designed for sporty driving."
DE1965098A1,THE GOODYEAR TIRE & RUBBER CO,1968,DEAD,0,7,Belt pneumatic tires,
WO2019142509A1,YOKOHAMA RUBBER CO LTD,2018,DEAD,0,7,PNEUMATIC TIRE,"In order to enhance heel-and-toe wear resistance and traction performance, the present invention is provided with: two circumferential main grooves 11 which are entirely arranged inside in the tire width direction than half of the tread development width TDW;"
CN102245403A,"MICHELIN RECHERCHE ET TECHNIQUES SA (GRANGES-PACCOT, CH)",2008,ALIVE,0,7,Improved hydroplaning performance for a tire,"Advantageously, the variable pressure shear band can improve the hydroplaning performance and rolling resistance simultaneously without degrading wear performance."
FR2557513A1,BRIDGESTONE CORP,1983,DEAD,0,7,RADIAL TIRE FOR HEAVY LOADS,
EP0219311A2,SUMITOMO RUBBER IND LTD,1985,DEAD,0,7,Motorcycle tyre.,"The invention addresses this gap by integrating a cross-ply carcass with radial reinforcement layers, ensuring both stability and durability while maintaining high-speed performance and wear resistance."
CN108790618A,TRIANGLE WEIHAI HUASHENG TYRE CO LTD,2018,DEAD,0,7,Standard test tire for tire performance test reference,"the standard testing tire of tyre performance test object of reference according to claim 1, it is characterised in that each of described 6 abrasion labels are arranged at ring-shaped groove bottom, and are uniformly distributed in whole circumference, and wear away label height and be not less than 1.6mm."
US20110214791A1,MICHELIN RESEARCH & TECHNOLOGY CO LTD,2010,DEAD,0,7,"Tire for Vehicle, Comprising a Tread, Comprising Plurality of Compounds and a Carcass Reinforcement formed of at Least Two Layers","The second polymeric compound is chosen for its superior grip properties, and the first polymeric compound is selected for its wear resistance."
CN119017872A,"CHENG SHIN RUBBER XIAMEN IND LTD (XIAMEN CITY, CN)",2024,ALIVE,0,6,Tire with polyester spiral winding belted layer,"The polyester cord is wound in a spiral pattern at a specific angle relative to the tire's circumferential direction, while the carcass belt and ply are inclined at various angles to enhance rigidity, cornering stability, and wear resistance."
WO2010095654A1,BRIDGESTONE CORP,2009,DEAD,0,6,TIRE AND TIRE MANUFACTURING METHOD,"The tire according to claim 1, wherein a tread made of a material that is more resistant to abrasion than the resin material is provided on a radially outer side of the reinforcing cord layer."
US20230098208A1,THE GOODYEAR TIRE & RUBBER CO,2021,DEAD,0,6,WRAPAROUND STRUCTURE FOR A BELT PACKAGE OF A TIRE,"ADVANTAGES
The invention offers significant advantages over prior tire constructions by enhancing durability and uniform tread wear through the radial wraparound belt structure."
WO2017122821A1,BRIDGESTONE CORP,2016,DEAD,0,6,PNEUMATIC TIRE,
WO2010095655A1,BRIDGESTONE CORP,2009,DEAD,0,6,TIRE AND TIRE MANUFACTURING METHOD,The tread rubber layer made of rubber having higher wear resistance than the thermoplastic material constituting the tire frame member is provided in a portion that contacts the road surface.
WO2000001544A1,THE GOODYEAR TIRE & RUBBER CO,1998,DEAD,0,6,FABRIC UNDERLAY FOR IMPROVING TREAD CIRCUMFERENTIAL AND MERIDIONAL RIGIDITY,"ADVANTAGES
The invention provides improved tread rigidity and resistance to central upward buckling, enhancing runflat handling and tire life."
CN120096243A,"HENAN TIANJI TIRE CO LTD (JIAOZUO CITY, CN)",2025,ALIVE,0,6,Lightweight tire and production process,"It employs a bead ring with triangular rubber wrapping, bead filler strip, abrasion-resistant strip, and chafer."
JP5045852B1,YOKOHAMA RUBBER CO LTD,2011,ALIVE,0,6,Pneumatic tire,
CN107031294A,"SUMITOMO RUBBER IND LTD (KOBE-SHI, JP)",2016,DEAD,0,6,PNEUMATIC TIRE,
US3504724A,SPERBERG LAWRENCE R,1968,DEAD,0,6,RADIAL TIRE CONSTRUCTION,"A pneumatic tire having a radial ply carcass which supports a number of belt plies, and a tread wearing composition disposed about the outer periphery of the belt plies;"
KR20080000175A,KUMHO TIRE CO INC,2006,DEAD,0,6,PNEUMATIC TIRE HAVING ASYMMETRIC BELT STRUCTURE,"The reinforcing belt is laminated and attached to the second belt in a specific range, preventing uneven wear and ensuring consistent performance."
EP0200055A2,FIRESTONE TIRE & RUBBER CO,1985,DEAD,0,6,Tire band structure.,"Conventional tire structures often use inextensible cords embedded in elastomeric materials, leading to reduced ride comfort due to stiffness and potential damage to the tire carcass from shock or abrasion."
CN101531121A,YOKOHAMA RUBBER CO LTD,2008,ALIVE,0,6,Pneumatic tire for heavy load,"It reduces radius growth by minimizing the effect of uneven wear and wire fatigue, ensuring consistent performance under high pressure and heavy load conditions."
WO2001076892A1,ALLIED SIGNAL INC,2000,DEAD,0,6,COMPOSITE COMPRISING ORGANIC FIBERS HAVING A LOW TWIST MULTIPLIER AND IMPROVED COMPRESSIVE MODULUS,"Traditional steel-reinforced tire belts suffer from poor in-plane shear modulus, which negatively affects cornering and treadwear characteristics."
JPH05238206A,BRIDGESTONE CORP,1992,DEAD,0,6,MAGNETIC RECORDING AND REPRODUCING SYSTEMS,"The method ensures that the belt layer is effectively reinforced, reducing road noise while maintaining wear resistance and lateral force balance."
EP0414470A2,BRIDGESTONE CORP,1989,DEAD,0,5,High performance pneumatic radial tire.,"The use of thermally shrinkable cords in the auxiliary layer prevents radial swelling and uneven wear, while the base rubber layer with specific modulus and resilience properties enhances the tire's performance."
WO2021251167A1,BRIDGESTONE CORP,2020,DEAD,0,5,PNEUMATIC TIRE,
CN114789627A,SUMITOMO RUBBER IND LTD,2021,ALIVE,0,5,Tire for motorcycle,
WO2015019818A1,SUMITOMO RUBBER IND LTD,2013,DEAD,0,5,PNEUMATIC TIRE,The use of specific belt cord angles (35–55 degrees) and ply rigidity parameters ensures a balance between reducing energy loss and maintaining grip and wear resistance.
CN114056007A,"QINGDAO MUWO TECHNOLOGY CO LTD (QINGDAO CITY, CN)",2020,ALIVE,0,5,Tire and manufacturing method,
WO2019133010A1,MICHELIN & CIE,2017,DEAD,0,5,TIRE WITH IMPROVED HANDLING PERFORMANCE AND SPEED DURABILITY,"The tread thickness in the shoulder areas is increased, which allows for greater groove depth and more contact area, improving traction and wear life."
EP0554108A1,BRIDGESTONE CORP,1992,DEAD,0,5,Pneumatic radial tires.,"The tire also maintains good wear resistance and ride comfortability, making it suitable for passenger cars."
WO2013065318A1,BRIDGESTONE CORP,2011,DEAD,0,5,PNEUMATIC RADIAL TIRE FOR PASSENGER CAR,
CN105946468A,ZHONGCE RUBBER GROUP CO LTD,2016,ALIVE,0,5,Standard tire as tire performance test reference substance,"A kind of standard tire as tyre performance test object of reference the most according to claim 1, it is characterised in that: tire All there are 10 abrasion Warning Mark (31) in each decorative pattern groove (26) bottom, and are uniformly distributed in whole circumference, and the most not Less than 1.6mm."
EP0416893A2,SUMITOMO RUBBER IND LTD,1989,DEAD,0,5,A pneumatic tyre.,"METHOD USED
The invention proposes a pneumatic tyre with a split belt ply and edge bands to improve high speed durability, steering stability, straight running performance, and wear resistance."
EP0118386A2,THE GOODYEAR TIRE & RUBBER CO,1983,DEAD,0,5,Pneumatic tire with belt reinforcement.,"Additionally, the belt's composition allows for better tread wear characteristics and improved stability during rotation."
CA1120843A,BRIDGESTONE TIRE CO LTD,1979,DEAD,0,5,PNEUMATIC RADIAL TIRES FOR PASSENGER CARS HAVING A LOW ROLLING RESISTANCE,
US6851463B1,ALLIED SIGNAL INC,1999,DEAD,0,5,Composite comprising organic fibers having a low twist multiplier and improved compressive modulus,"PROBLEM BEING SOLVED
The invention addresses the issue of low in-plane shear modulus in synthetic fiber-reinforced tire belts, which negatively impacts ride comfort, handling, and treadwear in passenger tires."
EP3254867B1,BRIDGESTONE CORP,2010,ALIVE,0,5,"TIRE, AND TIRE MANUFACTURING METHOD",
US3608605A,WILLIAM G COLE,1969,DEAD,0,4,PNEUMATIC TIRE CONSTRUCTION,
WO2015105084A1,SUMITOMO RUBBER IND LTD,2014,DEAD,0,4,PNEUMATIC TIRE,"The tire's design maintains high stability and wear resistance, making it suitable for high-performance applications."
CN120792378A,"SUMITOMO RUBBER IND LTD (KOBE-SHI, JP)",2024,ALIVE,0,4,Tire,
EP0412776A2,SUMITOMO RUBBER IND LTD,1989,DEAD,0,4,Pneumatic radial tyre.,
CN121777600A,"SHANDONG LINGLONG TYRE CO LTD (YANTAI CITY, CN)",2026,ALIVE,0,4,Novel belted layer structure of all-steel radial tire,"This design prevents stress concentration at the end points of the second belt layer, ensuring improved impact resistance and wear resistance."
CN102582367A,BRIDGESTONE CORP,2011,DEAD,0,4,Pneumatic tire and method of forming circumferential belt layer of the same,
CN112770919A,"SUMITOMO RUBBER IND LTD (KOBE-SHI, JP)",2018,ALIVE,0,4,PNEUMATIC TIRE,
JP4911267B1,YOKOHAMA RUBBER CO LTD,2011,ALIVE,0,4,Pneumatic tire,"The circumferential reinforcing layer strengthens the tire in the circumferential direction, while the cross belts create a layered structure that enhances wear resistance."
GB2044689A,MICHELIN & CIE,1979,DEAD,0,4,PNEUMATIC TYRES,
FR3143436A1,MICHELIN & CIE,2022,ALIVE,0,4,optimized architecture of civil engineering pneumatics,
GB771570A,DUNLOP RUBBER CO LTD,1954,DEAD,0,4,Improvements in or relating to pneumatic tyres,
CN1222457A,PIRELLI PNEUMATIC SPA,1997,DEAD,0,4,High transverse-curvature tire for two-wheeled vehicles,
EP0568870A1,MICHELIN RESEARCH & TECHNOLOGY CO LTD,1992,DEAD,0,4,Tire with three belt plies.,"The tire's design also improves wear resistance and reduces the need for frequent maintenance, leading to better overall vehicle performance and longevity."
CN105691110A,"QINGDAO UNIV OF SCIENCE & TECHNOLOGY (QINGDAO CITY, CN)",2016,DEAD,0,4,Radial tire with steel wire cord winding structure,"The integration of a cylindrical metal cord structure ensures a more durable and efficient carcass, while the precise layering of metal cord on the belt ensures even wear and improved service life."
JP2013180657A,BRIDGESTONE CORP,2012,DEAD,0,4,PNEUMATIC TIRE FOR MOTORCYCLE,
CN107253426A,BRIDGESTONE CORP,2010,ALIVE,0,4,"Tire, and tire manufacturing method",
WO2019206477A1,CONTINENTAL REIFEN DEUTSCHLAND GMBH,2018,DEAD,0,4,PNEUMATIC TYRE FOR A VEHICLE,
GB947207A,DUNLOP RUBBER CO LTD,1959,DEAD,0,4,Improvements in pneumatic tyres,
DE1965048A1,THE GOODYEAR TIRE & RUBBER CO,1968,DEAD,0,4,Belt tires with diagonal carcass,
US3517720A,ARMSTRONG RUBBER CO INC,1969,DEAD,0,4,PNEUMATIC TIRE,"Tires built in accordance with the foregoing arrangement have a inuch larger footprint area than conventi(inal bias-ply tires, and have been found to engage the road with substantially more uniform pressure throughout the area of contact, not only when the tire is new, but duting its entire, tread life."
JPH0723044B2,SUMITOMO ELECTRIC IND LTD,1983,DEAD,0,4,Radial tires for motorcycles,"ADVANTAGES
The invention provides a motorcycle tire with excellent durability and wear resistance during high-speed driving."
EP4420897A1,SUMITOMO RUBBER IND LTD,2023,ALIVE,0,4,TIRE,"The cap portion is formed from crosslinked rubber with high wear resistance and grip performance, while the base portion is formed from crosslinked rubber with low heat generation properties."
WO2008075737A1,BRIDGESTONE CORP,2006,DEAD,0,3,PNEUMATIC TIRE FOR TWO-WHEELED VEHICLE,
EP0414406A2,BRIDGESTONE CORP,1989,DEAD,0,3,Pneumatic tire for two-wheeled vehicle and method of producing the same.,"Additionally, the use of high modulus cords and optimized winding parameters leads to better wear resistance and reduced rolling resistance, making the tire more efficient and durable."
JP2021527764A,MICHELIN & CIE,2018,ALIVE,0,3,Bilayer multi-strand cord with improved penetration,"Traditional cables often fail to prevent corrosive agents from entering the internal layers of the crown reinforcement, leading to reduced tire life due to oxidation and degradation of metallic elements."
EP0425299A2,SUMITOMO RUBBER IND LTD,1989,DEAD,0,3,A pneumatic tyre.,"The conventional reinforcement layer, formed by winding high elasticity material like steel or polyester fibres, causes excessive tread rigidity, uneven wear, and potential tread peeling due to improper vulcanization swelling ratio."
JP2018184071A,SUMITOMO RUBBER IND LTD,2017,ALIVE,0,3,TIRE FOR TWO-WHEELED MOTOR VEHICLE,"The tread includes a base layer (22) and a cap layer (24), with the cap layer providing wear resistance, heat resistance, and grip performance."
WO2022130904A1,BRIDGESTONE CORP,2020,DEAD,0,3,TIRE,
EP1338441A1,BRIDGESTONE CORP,2000,DEAD,0,3,PNEUMATIC SAFETY TIRE,
DE102017209677A1,CONTINENTAL REIFEN DEUTSCHLAND GMBH,2017,DEAD,0,3,Method for determining changes in tension in a belt layer of vehicle tires and commercial vehicle tires as such,"The 0° belt layer is crucial for maintaining circumferential rigidity and reducing tread wear, but its tension changes during the winding process and under load conditions are not well understood."
US20050217779A1,AGOSTINI GIORGIO,2004,DEAD,0,3,Pneumatic run-flat tire,"The tire's design also maintains a consistent tread configuration, extending tread life and improving overall ride quality."
CN108891206A,JIANGSU GENERAL SCIENCE TECH,2018,DEAD,0,3,Wide base tire zero belt ply structure,
WO2015100052A1,BRIDGESTONE AMERICAS TIRE OPERATIONS LLC,2013,DEAD,0,3,TIRE WITH BELT HAVING WRAP AROUND GUM STRIP,
JP5182453B1,YOKOHAMA RUBBER CO LTD,2012,ALIVE,0,3,Pneumatic tire,"This layer is typically stacked on cross belts with a belt angle of 0°, leading to radial growth in the center region and uneven wear."
DE102009029101A1,JANUS JONNY,2009,DEAD,0,3,"Radial tire for vehicle, comprises torus-shaped curved body made of flexible material, particularly vulcanized rubber or rubber-like material, which has bearing surface at outer circumference","The decoupled design ensures better handling of high-frequency stretching and compression processes, leading to improved performance and mileage."
CN120963249A,"SHANDONG LINGLONG TYRE CO LTD (YANTAI CITY, CN)",2025,ALIVE,0,3,Novel belted layer structure of all-steel radial tire,"The use of multiple evenly distributed cavities increases the matrix's elasticity, leading to better ground contact pressure distribution and reduced abnormal abrasion."
WO2019133007A1,MICHELIN & CIE,2017,DEAD,0,3,TIRE WITH IMPROVED SNOW PERFORMANCE WITHOUT SACRIFICING DRY BRAKING OR WEAR,
CN116494686A,ZHAOQING JUNHONG CO LTD,2023,ALIVE,0,3,Special drifting tire and manufacturing method thereof,
WO2012090825A1,SUMITOMO RUBBER IND LTD,2010,DEAD,0,3,PNEUMATIC TIRE FOR HEAVY LOAD,"The precise control of thickness and composition of each layer allows for optimal performance, leading to improved fuel efficiency and longer tire life."
JP7818488B2,BRIDGESTONE CORP,2022,ALIVE,0,3,Pneumatic radial tires for passenger cars,"Traditional radial tires often suffer from uneven wear due to the narrow cross-sectional width and high internal pressure, leading to contact patch deformation and reduced performance."
WO2020255919A1,BRIDGESTONE CORP,2019,DEAD,0,3,TIRE,
FR2337621A1,UNIROYAL INC,1976,DEAD,0,3,ENVELOPES OF TIRES AND METHOD OF MANUFACTURE,The tire has long tread life and low power consumption.
EP4201704A1,SUMITOMO RUBBER IND LTD,2021,ALIVE,0,3,TIRE,
US3205931A,DUPONT CO,1963,DEAD,0,3,Pneumatic tire,
CN108177485A,"KENDA RUBBER IND CO LTD (SUZHOU CITY, CN)",2018,DEAD,0,3,Snow tire,"The design also increases tire rigidity and elasticity, leading to better handling and wear resistance."
DE19545954A1,CONTINENTAL AG,1995,DEAD,0,3,Belt-less vehicular tyre,"Additionally, beltless tires without belts suffer from issues like wear, reduced durability, and energy dissipation due to flexing and abrasion."
JPH11245616A,PIRELLI PNEUMATIC SPA,1997,DEAD,0,3,TWO-WHEELER TIRE LARGE IN CROSSING CURVATURE AND MANUFACTURE THEREOF,"PROBLEM TO BE SOLVED: To accomplish a sufficient performance of a stability of a vehicle during a high speed, a kilo-meter yield, a regularity and a uniformity of an abrasion, a behavior on a road and a low weight at both of a straight road and a curve road."
AU5484680A,BRIDGESTONE TIRE CO LTD,1979,DEAD,0,3,TIRE HAVING BELT OF FOLDED TERYLENE PLIES,
JPS60213503A,SUMITOMO RUBBER IND LTD,1984,DEAD,0,3,TIRE FOR MOTORCYCLE,"PURPOSE:To enhance the wear resistance, ground-surface gripping performance, and high speed traveling performance of a tire by providing a band, which consists of cords placed at an angle of 10-25 deg."
CN111845210A,"SHANDONG LINGLONG TYRE CO LTD (YANTAI CITY, CN)",2020,DEAD,0,3,Tire,
EP1284203A1,CONTINENTAL AG,2001,DEAD,0,3,Tire with a belt bandage,
CN107776339A,"HEFEI WANLI TYRE CO LTD (HEFEI CITY, CN)",2017,DEAD,0,2,Radial tire with spiral belt structure,"The method provides a more uniform pressure distribution, suppressing eccentric wear and improving anti-wear performance."
WO2019116862A1,BRIDGESTONE CORP,2017,DEAD,0,2,TIRE,
JP2021527766A,MICHELIN & CIE,2018,ALIVE,0,2,Bilayer multi-strand cord with improved penetration,
US20200238768A1,SUMITOMO RUBBER IND LTD,2016,ALIVE,0,2,PNEUMATIC TIRE,
EP0820882A2,BRIDGESTONE CORP,1996,DEAD,0,2,Pneumatic radial tire,The bead filler layer and bead reinforcing layer are designed to maintain a uniform tire quality and bias abrasion resistance.
EP0628435A1,SUMITOMO RUBBER IND LTD,1993,DEAD,0,2,Pneumatic motorcycle tyre.,
JPH0939512A,SUMITOMO RUBBER IND LTD,1995,DEAD,0,2,PNEUMATIC TIRE,"This leads to improved performance, longer tire life, and better overall reliability in high-speed applications."
WO2019230772A1,BRIDGESTONE CORP,2018,DEAD,0,2,PNEUMATIC TIRE,"The resin annular body is designed to have a reduced diameter portion that is thicker at the ends compared to the center, which helps in suppressing uneven wear and crack formation."
WO2022270094A1,BRIDGESTONE CORP,2021,DEAD,0,2,TIRE,
CN115257238A,"ZHONGCE RUBBER GROUP CO LTD (HANGZHOU CITY, CN)",2022,DEAD,0,2,Wide-base tire with reinforced shoulder and small-angle winding type belted layer structure,"Traditional wide base tires suffer from abnormal wear patterns due to the belt being too wide, causing the middle section to not be well hooped and generating uneven wear."
WO2022270097A1,BRIDGESTONE CORP,2021,DEAD,0,2,TIRE,
CN103958218A,"PIRELLI TYRE SPA (MILAN, IT)",2011,ALIVE,0,2,Tyre for motorcycles,
WO2014129380A1,BRIDGESTONE CORP,2013,DEAD,0,2,TIRE,
EP3135501B1,SUMITOMO RUBBER IND LTD,2015,ALIVE,0,2,AIRLESS TIRE,
JP2012046031A,BRIDGESTONE CORP,2010,DEAD,0,2,TIRE,
WO2019116841A1,BRIDGESTONE CORP,2017,DEAD,0,2,TIRE REINFORCEMENT MEMBER AND TIRE USING SAME,
US20160288575A1,THE GOODYEAR TIRE & RUBBER CO,2015,DEAD,0,2,PNEUMATIC TIRE AND METHOD FOR MAKING A PNEUMATIC TIRE,They often require extensive maintenance and are prone to uneven wear and poor grip under varying road conditions.
KR20230084164A,MICHELIN & CIE,2020,ALIVE,0,2,Tires with two carcass layers,
CA2209418A1,THE GOODYEAR TIRE & RUBBER CO,1996,DEAD,0,2,RUBBER TIRE COMPONENTS WITH REDUCED SPIDER FLOW,
WO2019230760A1,BRIDGESTONE CORP,2018,DEAD,0,2,"PNEUMATIC TIRE, AND METHOD FOR MANUFACTURING PNEUMATIC TIRE","This rigidity limits the ability to optimize tire performance, such as wear resistance and steering stability, while also increasing weight and durability requirements."
CA2253097A1,THE GOODYEAR TIRE & RUBBER CO,1997,DEAD,0,2,TIRE WITH SPLIT BELT EDGE REINFORCEMENT,
CA2284973A1,THE GOODYEAR TIRE & RUBBER CO,1997,DEAD,0,2,TEXTILE CORDS FOR PNEUMATIC TIRES AND METHOD FOR MAKING SUCH CORDS,
US5010937A,JANUS JONNY,1986,DEAD,0,2,Belted tire for vehicles,"Traditional designs, such as those with a single belt layer composed of thin steel wires, result in insufficient adhesion and poor pressure distribution, leading to detachment phenomena, increased rolling resistance, and reduced tire lifespan due to material degradation from excessive heating and mechanical stress."
CN108136854A,"COMPAGNIE GENERALE DES ETABLISSEMENTS MICHELIN FRANCE CORP (CLERMONT-FERRAND, FR)",2015,ALIVE,0,2,"PNEUMATIC TIRE, HAVING WORKING LAYERS COMPRISING MONOFILAMENTS AND TIRE TREAD WITH GROOVES",
EP0722977A1,MICHELIN & CIE,1995,DEAD,0,2,Pneumatic type containing precifitated silica housing an improved rolling resistance,"PROBLEM BEING SOLVED
The invention addresses the challenge of reducing rolling resistance in radial carcass tires while maintaining or improving other tire properties such as adherence, wear resistance, and fatigue resistance."
DE112012000556T5,YOKOHAMA RUBBER CO LTD,2011,ALIVE,0,2,Pneumatic radial tires,
KR20130067396A,KUMHO TIRE CO INC,2011,ALIVE,0,2,CAPPLY FOR RADIAL TIRE ENHANCING ADHESION WITH BELT USING DAUL COMPOUNDS,"The cap ply design allows for even distribution of adhesion forces, preventing uneven wear and maintaining tire integrity."
WO2018055912A1,BRIDGESTONE CORP,2016,DEAD,0,2,TIRE,
US9669666B2,SUMITOMO RUBBER IND LTD,2012,DEAD,0,2,Runflat tire,
JPH10114203A,SUMITOMO RUBBER IND LTD,1996,DEAD,0,2,RADIAL TIRE FOR MOTORCYCLE,The use of nylon and aramid cords with specific extensibility ranges enhances wear resistance and traction grip.
CN117141161A,"WANDA GROUP CO LTD (DONGYING CITY, CN)",2023,ALIVE,0,2,Low-rolling-resistance tire crown structure and forming method thereof,"PROBLEM BEING SOLVED
The invention addresses the issue of high rolling resistance in conventional tire structures, which limits the endurance mileage and efficiency of new energy vehicles."
WO2020137627A1,BRIDGESTONE CORP,2018,DEAD,0,2,RUN-FLAT TIRE,
JPS60234002A,YOKOHAMA RUBBER CO LTD,1984,DEAD,0,2,PNEUMATIC RADIAL-PLY TIRE,
CN119217894A,THE GOODYEAR TIRE & RUBBER CO,2023,ALIVE,0,2,Tyre having sidewall comprising plurality of layers,
JPS59230806A,YOKOHAMA RUBBER CO LTD,1983,DEAD,0,2,PNEUMAITC TIRE FOR PASSENGER CAR,
US5307850A,THE GOODYEAR TIRE & RUBBER CO,1988,DEAD,0,2,"Pneumatic tire containing syndiotactic 1,2-polybutadiene","The use of SPBD in the rubber composition enhances tire performance, particularly in terms of high-speed capabilities and tread wear characteristics."
EP0359694A1,THE GOODYEAR TIRE & RUBBER CO,1988,DEAD,0,2,"Pneumatic tire containing syndiotactic 1,2-polybutadiene.","Traditional tire construction often relies on overlay layers made from nylon, which are expensive and reduce tire performance by limiting tread wear characteristics."
US4949770A,PIRELLI SPA,1987,DEAD,0,2,Breaker belt structure in pneumatic tires for vehicle wheels,
US11427032B2,THE GOODYEAR TIRE & RUBBER CO,2019,ALIVE,0,2,Tire tread and a tire comprising a tread,"The reinforcement compound is designed to have a uniform thickness, enhancing wear resistance and maintaining the properties of the tread during use."
ES2198109T3,BRIDGESTONE CORP,1998,DEAD,0,2,RADIAL PNEUMATIC COVER FOR A MOTORCYCLE.,
US20170197470A1,SUMITOMO RUBBER IND LTD,2016,DEAD,0,2,PNEUMATIC TIRE,
DE2722116A1,PIRELLI SPA,1976,DEAD,0,2,VEHICLE AIR TIRES,"A vehicle tire combining improved riding comfort, road gripping characteristics and tire tread wear has the conventional radial carcass and tread and an improved annular breaker structure reinforcing the crown portion of the tire."
WO2020137587A1,BRIDGESTONE CORP,2018,DEAD,0,2,RUN-FLAT TIRE,
WO2008050545A1,YOKOHAMA RUBBER CO LTD,2006,DEAD,0,2,PNEUMATIC TIRE,
WO2015068429A1,SUMITOMO RUBBER IND LTD,2013,DEAD,0,2,PNEUMATIC TIRE,
EP0483710A1,PIRELLI SPA,1990,DEAD,0,2,Radial tire provided with a sidewall reinforcement element.,"This results in poor performance during dynamic loading conditions, such as sudden impacts on the road surface, and reduced tire life due to fatigue and damage from excessive stress concentrations."
CN112440623A,SUMITOMO RUBBER IND LTD,2019,ALIVE,0,2,PNEUMATIC TIRE,
CN114364547A,YOKOHAMA RUBBER CO LTD,2019,ALIVE,0,2,Pneumatic tire,
DE2720265A1,GOODRICH CO,1976,DEAD,0,2,VEHICLE SAFETY TIRES,
CN107685598A,JIANGSU XINGDA STEEL TYRE CORD,2017,ALIVE,0,2,Woven steel wire belt ply structure and application thereof,"The paving step of the multiple belt ply layers is simplified, the shoulder deformation of the tyre is effectively constrained, the belt ply stress is optimized, the tread grounding pressure distribution is optimized, durability, wear resistance and load property are improved, and oil consumption is reduced."
US10160265B2,BRIDGESTONE AMERICAS TIRE OPERATIONS LLC,2013,ALIVE,0,2,Tire with reinforced tread,
DE2518223C2,CONTINENTAL GUMMI WERKE AG,1975,DEAD,0,2,Pneumatic vehicle tires,
EP1004460A2,BRIDGESTONE CORP,1998,DEAD,0,1,Pneumatic tire for front wheel of motorcycle,
US12257796B2,YOKOHAMA RUBBER CO LTD,2019,ALIVE,0,1,Method for manufacturing pneumatic tire,
JP2016097918A,SUMITOMO RUBBER IND LTD,2014,DEAD,0,1,PNEUMATIC TIRE,
WO1998054014A1,THE GOODYEAR TIRE & RUBBER CO,1997,DEAD,0,1,RUNFLAT TIRE WITH IMPROVED UNINFLATED HANDLING,
CN111590939A,TIRE TECH ALLIANCE,2020,ALIVE,0,1,Radial tire and crown strip winding method for improving LFV index of tire uniformity,
CA2291220A1,THE GOODYEAR TIRE & RUBBER CO,1997,DEAD,0,1,RUNFLAT TIRE WITH IMPROVED UNINFLATED HANDLING,
JPH09105084A,SUMITOMO RUBBER IND LTD,1995,DEAD,0,1,TIRE FOR HEAVY LOAD,
JP2019217998A,BRIDGESTONE CORP,2018,ALIVE,0,1,PNEUMATIC TIRE,
JPH10193930A,BRIDGESTONE CORP,1997,DEAD,0,1,RUN-FLAT PNEUMATIC TIRE WITH BAND,
WO2020129971A1,BRIDGESTONE CORP,2018,DEAD,0,1,TIRE,
CN112469861A,"COMPAGNIE GENERALE DES ETABLISSEMENTS MICHELIN FRANCE CORP (CLERMONT-FERRAND, FR)",2018,ALIVE,0,1,DOUBLE-LAYER MULTI-STRAND CORD WITH IMPROVED PENETRABILITY,"It ensures that elastomeric compositions can penetrate both internal and external layers effectively, reducing the spread of corrosive agents and extending tire life."
CN116198258A,"AEOLUS TYRE CO LTD (JIAOZUO CITY, CN)",2022,DEAD,0,1,All-steel-wire radial tire adopting novel four-belted-layer structure,
US1039063A,SANFORD C MCKNIGHT,1909,DEAD,0,1,ARMORED PNEUMATIC TIRE.,
CN107000483A,"PIRELLI TYRE SPA (MILAN, IT)",2014,ALIVE,0,1,Tyre for vehicle wheels,
WO2001090478A1,BRIDGESTONE CORP,2000,DEAD,0,1,"RUBBER PRODUCT REINFORCING STEEL CORD, RUBBER AND STEEL CORD COMPOSITE MATERIAL, RADIAL TIRE, MOTOR CYCLE RADIAL TIRE AND TIRE",
WO2003086782A1,BRIDGESTONE CORP,2002,DEAD,0,1,PNEUMATIC TIRE,
JPH06270608A,SUMITOMO RUBBER IND LTD,1993,DEAD,0,1,PNEUMATIC TIRE,
EP3470241B1,BRIDGESTONE CORP,2016,ALIVE,0,1,THREE-WHEELED VEHICLE TIRE,
WO2019230770A1,BRIDGESTONE CORP,2018,DEAD,0,1,PNEUMATIC TIRE,
JPWO2020004040A1,BRIDGESTONE CORP,2018,ALIVE,0,1,Pneumatic tires,
WO2019230769A1,BRIDGESTONE CORP,2018,DEAD,0,1,PNEUMATIC TIRE,
WO2019244851A1,BRIDGESTONE CORP,2018,DEAD,0,1,PNEUMATIC TIRE,"Traditional radial tires often suffer from stress concentration and uneven wear due to the high number of layers in the belt plies, which increases weight and reduces performance."
EP2431196A2,THE GOODYEAR TIRE & RUBBER CO,2010,ALIVE,0,1,A pneumatic tire and method for making a pneumatic tire,
DE1808668A1,MICHELIN & CIE,1967,DEAD,0,1,tire,
CN115157930A,"JIANGSU GENERAL SCIENCE TECH (WUXI CITY, CN)",2022,DEAD,0,1,Multipurpose tire belt layer and multipurpose tire,
CN110395075A,SHANDONG HAWK INT RUBBER INDUSTRY CO LTD,2019,DEAD,0,1,Tire belt ply,
CN110466287A,JIANGSU GENERAL SCIENCE TECH,2019,DEAD,0,1,Low-heat-generation buffering layer structure of tire,
US11046113B2,PIRELLI SPA,2016,ALIVE,0,1,Motorcycles tyre,
CN106827969A,"SHANDONG LINGLONG TYRE CO LTD (YANTAI CITY, CN)",2017,DEAD,0,1,Method for preparing tire through wavy zero belt,"The original zero belt ply is restrained and hooped tightly, the cost and the weight of the tire can be reduced, more importantly, the bet plies are smooth and uniform in thickness on the whole, and the high-speed performance and abrasion resistance of the tire can be greatly improved through the belt ply structure;"
CN102470698A,"PIRELLI TYRE SPA (MILAN, IT)",2009,ALIVE,0,1,Off-road motorcycle tyre,
CN113524987A,"QINGDAO DOUBLESTAR TIRE INDUSTRIAL CO LTD (QINGDAO CITY, CN)",2021,DEAD,0,1,Anti-explosion tire,
WO2013161296A1,BRIDGESTONE CORP,2012,DEAD,0,1,PNEUMATIC TIRE,
JP5182454B1,YOKOHAMA RUBBER CO LTD,2012,ALIVE,0,1,Pneumatic tire,
WO2014057551A1,YOKOHAMA RUBBER CO LTD,2012,DEAD,0,1,PNEUMATIC TIRE,
JP5029787B1,YOKOHAMA RUBBER CO LTD,2011,ALIVE,0,1,Pneumatic tire,
WO2014057548A1,YOKOHAMA RUBBER CO LTD,2012,DEAD,0,1,PNEUMATIC TIRE,
WO2014103068A1,YOKOHAMA RUBBER CO LTD,2012,DEAD,0,1,PNEUMATIC TIRE,
WO2014103063A1,YOKOHAMA RUBBER CO LTD,2012,DEAD,0,1,PNEUMATIC TIRE,
WO2014103070A1,YOKOHAMA RUBBER CO LTD,2012,DEAD,0,1,PNEUMATIC TIRE,
WO2014057553A1,YOKOHAMA RUBBER CO LTD,2012,DEAD,0,1,PNEUMATIC TIRE,
WO2014057549A1,YOKOHAMA RUBBER CO LTD,2012,DEAD,0,1,PNEUMATIC TIRE,
WO2014057547A1,YOKOHAMA RUBBER CO LTD,2012,DEAD,0,1,PNEUMATIC TIRE,
WO2014057552A1,YOKOHAMA RUBBER CO LTD,2012,DEAD,0,1,PNEUMATIC TIRE,
WO2014103064A1,YOKOHAMA RUBBER CO LTD,2012,DEAD,0,1,PNEUMATIC TIRE,
US20150020943A1,BRIDGESTONE AMERICAS TIRE OPERATIONS LLC,2013,DEAD,0,1,Low-Metal Tire,"The use of non-metallic materials allows for better wear resistance and durability, making the tire suitable for demanding environments."
DE2214706A1,CONTINENTAL GUMMI WERKE AG,1972,DEAD,0,1,VEHICLE AIR TIRES FOR SINGLE TRACK VEHICLES,
EP0264539A2,JANUS JONNY,1986,DEAD,0,1,Belted tyre for vehicles.,
CN108349310A,"COMPAGNIE GENERALE DES ETABLISSEMENTS MICHELIN FRANCE CORP (CLERMONT-FERRAND, FR)",2015,ALIVE,0,1,"PNEUMATIC TIRE, HAVING WORKING LAYERS COMPRISING MONOFILAMENTS AND A TIRE TREAD WITH GROOVES",
WO2005025895A1,MICHELIN RESEARCH & TECHNOLOGY CO LTD,2003,DEAD,0,1,REINFORCEMENT LAYER FOR A TYRE TREAD,
US20180104990A1,SUMITOMO RUBBER IND LTD,2016,DEAD,0,1,PNEUMATIC TIRE,
CN103354782A,"CONTINENTAL REIFEN DEUTSCHLAND GMBH (HANNOVER, DE)",2011,ALIVE,0,1,Method for producing a pneumatic vehicle tire,
KR20080009905A,KUMHO TIRE CO INC,2006,DEAD,0,1,PNEUMATIC TIRE,
KR20100038909A,KUMHO TIRE CO INC,2008,DEAD,0,1,AIRCRAFT RADIAL TIRE HAVING A TREAD REINFORCEMENT LAYER,
WO2015130286A1,MICHELIN & CIE,2014,DEAD,0,1,IMPROVED BODY PLY SHAPE FOR A TIRE,
WO2004018237A1,MICHELIN RESEARCH & TECHNOLOGY CO LTD,2002,DEAD,0,1,TYRE FOR TWO-WHEELED VEHICLES,
US20050217783A1,MICHELIN RESEARCH & TECHNOLOGY CO LTD,2002,DEAD,0,1,Tire for two-wheeled vehicle,
WO2014084370A1,YOKOHAMA RUBBER CO LTD,2012,DEAD,0,1,PNEUMATIC TIRE,
WO2020122239A1,BRIDGESTONE CORP,2018,DEAD,0,1,TIRE,
KR20010080337A,PIRELLI TYRE SPA,1998,DEAD,0,1,TIRE AND METHOD OF MAKING SAME,
CN112440626A,"ANHUI GITI RADIAL TIRE CO LTD (HEFEI CITY, CN)",2020,ALIVE,0,1,All-steel radial tire,
WO2001072535A1,BRIDGESTONE FIRESTONE INC,2000,DEAD,0,1,EXPANDABLE BAND FOR RUN FLAT TIRE AND METHOD OF MAKING,
FR3014745A1,MICHELIN & CIE,2013,DEAD,0,1,PNEUMATIC TOP REINFORCING FOR HEAVY VEHICLE TYPE GENIE CIVIL,
EP4289634A1,SUMITOMO RUBBER IND LTD,2022,ALIVE,0,1,TIRE,
KR20200117730A,NEXEN TIRE CORP,2019,ALIVE,0,1,Tire and method of manufacturing the tire,
AU4785296A,MICHELIN & CIE,1995,DEAD,0,1,Radial tyre crown reinforcement,"PROBLEM BEING SOLVED
The invention addresses the issue of premature wear and reduced tire life in heavy vehicle tires, particularly those used for medium or large tonnage vehicles."
US4739814A,MILLIKEN IND LTD,1983,DEAD,0,1,Radial tire,
EP0816130A1,SUMITOMO RUBBER IND LTD,1996,DEAD,0,1,Pneumatic tyre,
JPS592908A,YOKOHAMA RUBBER CO LTD,1982,DEAD,0,1,PNEUMATIC TYRE,
US6244315B1,PIRELLI SPA,1998,DEAD,0,1,Tyre with high transverse curvature coefficient in particular for a two-wheeled vehicle,
WO2011046195A1,YOKOHAMA RUBBER CO LTD,2009,DEAD,0,1,PNEUMATIC TIRE,
CN112428751B,"ANHUI GITI RADIAL TIRE CO LTD (HEFEI CITY, CN)",2020,ALIVE,0,1,Low-flat wide-base all-steel radial tire,
CN118401378A,YOKOHAMA RUBBER CO LTD,2021,ALIVE,0,1,Pneumatic tire,
CN114407582A,ANHUI JIATONG PASSENGER RADIAL TIRE LTD,2021,ALIVE,0,1,Pneumatic tire capable of balancing rigidity of tire pattern,
JPS59216704A,YOKOHAMA RUBBER CO LTD,1983,DEAD,0,1,PNEUMATIC RADIAL TIRE,"The smooth splice portion ensures consistent tire structure, enhancing ride comfort and reducing the risk of uneven wear."
US11642917B2,MICHELIN & CIE,2016,ALIVE,0,1,Tire comprising working layers having an improved architecture,
GB930118A,SEMPERIT AG HOLDING,1959,DEAD,0,1,Process for the manufacture of hard rubber vulcanizates and articles made thereof,
EP3210797A1,SUMITOMO RUBBER IND LTD,2016,DEAD,0,1,PNEUMATIC TIRE,
US20170326917A1,HANKOOK TIRE CO LTD,2016,DEAD,0,1,Pneumatic Tire Having Structure of Dual Reinforcement Belt Layer,
JPS6350202B2,YOKOHAMA RUBBER CO LTD,1982,DEAD,0,1,PNEUMATIC TYRE [JP58199202A],
US20250242636A1,TOYO TIRE CORP,2024,ALIVE,0,1,PNEUMATIC TIRE,
WO2017103478A1,MICHELIN & CIE,2015,DEAD,0,1,TYRE CROWN FOR HEAVY GOODS VEHICLE OF THE CIVIL ENGINEERING TYPE,
EP0353659A2,SP REIFENWERKE GMBH,1988,DEAD,0,1,Radial tyre and method manufacturing same.,
US20210316573A1,BRIDGESTONE AMERICAS TIRE OPERATIONS LLC,2018,ALIVE,0,1,TIRE HAVING CIRCUMFERENTIAL TREAD WITH REINFORCED RIBS,
WO2021124186A1,BRIDGESTONE EUROPE NVSA,2019,DEAD,0,1,TYRE WITH BELT PACKAGE REINFORCEMENT ELEMENT,
FR2924978A1,MICHELIN RESEARCH & TECHNOLOGY CO LTD,2007,ALIVE,0,1,ALLEGE PNEUMATIC COMPRISING A NON-RADIAL CARCASS STRUCTURE,
EP3351406A2,SUMITOMO RUBBER IND LTD,2017,ALIVE,0,1,PNEUMATIC TIRE,
FR2930194A1,MICHELIN RESEARCH & TECHNOLOGY CO LTD,2008,DEAD,0,1,WITH THE TOP TIRE COMPRISING A LAYER OF RUBBER MIXTURE HAS VERY HIGH MODULUS.,
CN107901708A,ANHUI GITI RADIAL TIRE CO LTD,2017,DEAD,0,1,Tyre structure capable of reducing noise and having good high speed performance,The invention aims to provide a solution that simultaneously reduces noise while maintaining high-speed performance and other critical tire properties such as drainage and wear resistance.
US20050048857A1,TERSCHUEREN WALTER,2003,DEAD,0,1,Apparatus and process for making tape useful as a tire cap ply from greige fabric,
US9365079B2,SUMITOMO RUBBER IND LTD,2013,DEAD,0,1,Radial tire for motorcycle,"This results in improved handling stability, better ride comfort, and longer tire lifespan."
CN112810386A,"SHANDONG LINGLONG TYRE CO LTD (YANTAI CITY, CN)",2021,ALIVE,0,1,High-temperature-resistant antioxidation trailer tire,
US20170274707A1,SUMITOMO RUBBER IND LTD,2016,ALIVE,0,1,PNEUMATIC TIRE AND METHOD FOR MANUFACTURING PNEUMATIC TIRE,
US20190255886A1,SUMITOMO RUBBER IND LTD,2018,DEAD,0,1,PNEUMATIC TIRE,
JPS5984606A,THE GOODYEAR TIRE & RUBBER CO,1982,DEAD,0,1,RADIAL TIRE,
FR2740078A1,MICHELIN & CIE,1995,DEAD,0,1,CROWN REINFORCEMENT FOR A TIRE OF UNDERGROUND,
GB1215394A,CONTINENTAL GUMMI WERKE AG,1967,DEAD,0,1,IMPROVEMENTS IN OR RELATING TO PNEUMATIC VEHICLE TYRES,
DE69320178T2,BRIDGESTONE CORP,1992,DEAD,0,1,RADIAL TIRE,
GB874292A,PIRELLI SPA,1957,DEAD,0,1,Improvements in or relating to pneumatic tyres,
EP4748589A1,SUMITOMO RUBBER IND LTD,2024,ALIVE,0,1,HEAVY-DUTY TIRE,
KR20010075488A,MICHELIN RECHERCHE ET TECHNIQUES SA,1998,DEAD,0,1,Radial Tyre Breaker Reinforcement,
EP0016686A1,PNEUMATIQUES CAOUTCHOUC MFG,1979,DEAD,0,1,Vehicle tyre.,
EP2777949A2,SUMITOMO RUBBER IND LTD,2013,ALIVE,0,1,Pneumatic tire,
CA1214096A,THE GOODYEAR TIRE & RUBBER CO,1982,DEAD,0,1,RADIAL TIRES AND A BELT STRUCTURE THEREFOR,
US5370167A,YOKOHAMA RUBBER CO LTD,1991,DEAD,0,1,Pneumatic radial tire for passenger car,
GB1248439A,MANUFACTURA NAC DE BORRACHA S,1968,DEAD,0,1,IMPROVEMENTS IN OR RELATING TO PNEUMATIC TYRES,
JPS58149802A,YOKOHAMA RUBBER CO LTD,1982,DEAD,0,1,PNEUMATIC TIRE,
KR101048781B1,HANKOOK TIRE CO LTD,2008,DEAD,0,1,Pneumatic tire,
CN109789734A,"COMPAGNIE GENERALE DES ETABLISSEMENTS MICHELIN FRANCE CORP (CLERMONT-FERRAND, FR)",2016,ALIVE,0,1,TYRE HAVING AN OPTIMISED ARCHITECTURE,
JPS6280101A,BRIDGESTONE CORP,1985,DEAD,0,1,FLAT PNEUMATIC RADIAL TIRE,
DE3615426A1,CONTINENTAL GUMMI WERKE AG,1986,DEAD,0,1,Pneumatic vehicle tyre,
JP2020066387A,YOKOHAMA RUBBER CO LTD,2018,ALIVE,0,1,PNEUMATIC TIRE,"Traditional tires often suffer from high rolling resistance due to poor rubber composition and insufficient wear resistance, leading to reduced efficiency and increased energy consumption."
US3712362A,ALDERFER S,1970,DEAD,0,1,A PNEUMATIC TIRE WITHOUT BEAD REINFORCEMENT RINGS,
CN113242799A,"COMPAGNIE GENERALE DES ETABLISSEMENTS MICHELIN FRANCE CORP (CLERMONT-FERRAND, FR)",2018,ALIVE,0,1,OPTIMIZED TYRE FOR A VAN,The invention aims to optimize the tire's design to improve these key performance metrics without compromising other essential functions such as wear resistance and structural integrity.
WO2020175627A1,BRIDGESTONE CORP,2019,DEAD,0,1,RUN-FLAT TIRE,
DE102016220028A1,CONTINENTAL REIFEN DEUTSCHLAND GMBH,2016,DEAD,0,1,Vehicle tires,
KR20220046208A,NEXEN TIRE CORP,2020,ALIVE,0,1,TIRE WITH GENERATOR USING STATIC ELECTRICITY,
CA2207520A1,THE GOODYEAR TIRE & RUBBER CO,1997,DEAD,0,1,BELT REINFORCING ASSEMBLY FOR A PNEUMATIC TIRE,
WO2020193358A1,MICHELIN & CIE,2019,DEAD,0,1,TYRE WITH WORKING LAYERS COMPRISING AN OPTIMISED ARCHITECTURE AND TREAD DESIGN,
FR2842142A1,MICHELIN RESEARCH & TECHNOLOGY CO LTD,2002,DEAD,0,1,PNEUMATIC TIRE FOR HEAVY VEHICLES,
WO2018020164A1,MICHELIN & CIE,2016,DEAD,0,1,TYRE TYPE DEVICE FOR VEHICLE,
JPS62273837A,YOKOHAMA RUBBER CO LTD,1986,DEAD,0,1,PNEUMATIC RADIAL TIRE FOR PASSENGER CAR,
WO2016202702A1,MICHELIN & CIE,2015,DEAD,0,1,PNEUMATIC TIRE HAVING A CROWN THAT COMPRISES A REINFORCEMENT PLY AND A HIGH-TRACTION TREAD,
DE3426511C2,BRIDGESTONE CORP,1983,DEAD,0,1,Pneumatic belted tires [US4589461A],
KR20080051661A,HANKOOK TIRE CO LTD,2006,DEAD,0,1,PNEUMATIC VEHICLE TIRE,
DE2807226A1,PNEUMATIQUES CAOUTCHOUC MFG,1977,DEAD,0,1,Vehicle tires,
CN105026187A,"COMPAGNIE GENERALE DES ETABLISSEMENTS MICHELIN FRANCE CORP (CLERMONT-FERRAND, FR)",2013,DEAD,0,1,Self-sealing tyre comprising additional sidewall reinforcement,
CN105026186A,"COMPAGNIE GENERALE DES ETABLISSEMENTS MICHELIN FRANCE CORP (CLERMONT-FERRAND, FR)",2013,DEAD,0,1,Self-sealing tyre comprising an additional sidewall reinforcement,
WO2013098735A1,PIRELLI SPA,2011,DEAD,0,1,TYRE FOR MOTORCYCLES,
KR20170085601A,YOKOHAMA RUBBER CO LTD,2015,ALIVE,0,1,PNEUMATIC RADIAL TIRE,
KR20190003205A,KOLON CO LTD,2017,DEAD,0,1,RUBBER REINFORCING MATERIAL CAPABLE OF REDUCING WEIGHT OF TIRE METHOD OF PREPARING THE SAME AND TIRE COMPRISING THE SAME,
US20120267027A1,CONTINENTAL REIFEN DEUTSCHLAND GMBH,2010,DEAD,0,1,PNEUMATIC VEHICLE TIRE,
KR20010090127A,KUMHO IND CO LTD,2000,DEAD,0,1,Method for Forming Endless Capply of Tire,"This approach is particularly effective in reducing the risk of wear and tear, ensuring longer-lasting tire life, and maintaining optimal tire performance under various conditions."
WO2018020163A1,MICHELIN & CIE,2016,DEAD,0,1,TYRE TYPE DEVICE FOR VEHICLE,
JP2024062296A,BRIDGESTONE CORP,2022,ALIVE,0,1,"TIRE HALF BODY, TIRE, TIRE HALF BODY MANUFACTURING METHOD, AND TIRE MANUFACTURING METHOD",
FR2744954A1,MICHELIN & CIE,1996,DEAD,0,1,"CROWN REINFORCEMENT FOR A TIRE ""HEAVY""",
KR20200124342A,HANKOOK TIRE & TECH CO LTD,2019,ALIVE,0,1,TIRE FOR VEHICLE PERFORMANCE IMPROVEMENT,
FR3042740A1,MICHELIN & CIE,2015,ALIVE,0,1,TIRE HAS THE WORKING LAYERS COMPRISING MONOFILAMENTS AND HAS GROOVED TREAD,
WO2016051651A1,BRIDGESTONE CORP,2014,DEAD,0,1,RUN-FLAT TIRE,
DE1214561B,CONTINENTAL GUMMI WERKE AG,1963,DEAD,0,1,Pneumatic vehicle tires,
CN111845211A,"SHANDONG LINGLONG TYRE CO LTD (YANTAI CITY, CN)",2020,DEAD,0,1,Tire,
WO2021215092A1,SUMITOMO RUBBER IND LTD,2020,DEAD,0,1,TIRE CORD AND TIRE,
US20170113491A1,SUMITOMO RUBBER IND LTD,2015,ALIVE,0,1,AIRLESS TIRE,
EP0551829A1,THE GOODYEAR TIRE & RUBBER CO,1992,DEAD,0,1,Bonding agent for wirecoat/belt compounds.,
